{"stats":{"minecraft:used":{"lycanitesmobs:frostyfur":2,"tombstone:gift":6,"alexsmobs:animal_dictionary":1,"lycanitesmobs:raw_bobeko_meat":2},"minecraft:killed":{"lycanitesmobs:shade":1},"minecraft:picked_up":{"bloodandmadness:coldblood_dew":1,"lycanitesmobs:frostyfur":2,"minecraft:wheat_seeds":2,"lycanitesmobs:raw_bobeko_meat":2,"tombstone:grave_key":2},"minecraft:mined":{"minecraft:grass":20,"lycanitesmobs:frostfire":1},"minecraft:dropped":{"tombstone:grave_key":2},"minecraft:killed_by":{"zombienation:zombie_4":1,"lycanitesmobs:reiver":8},"minecraft:custom":{"minecraft:time_since_rest":3712,"minecraft:crouch_one_cm":1949,"minecraft:play_one_minute":24527,"minecraft:sprint_one_cm":6462,"minecraft:deaths":9,"minecraft:damage_taken":2450,"minecraft:walk_one_cm":37443,"minecraft:sneak_time":1095,"minecraft:mob_kills":1,"minecraft:drop":2,"minecraft:jump":165,"minecraft:damage_dealt":1160,"minecraft:leave_game":6,"minecraft:time_since_death":6074,"minecraft:fall_one_cm":4474,"minecraft:fly_one_cm":1543}},"DataVersion":2586}