{"stats":{"minecraft:custom":{"minecraft:interact_with_furnace":1,"minecraft:mob_kills":1,"minecraft:interact_with_crafting_table":4,"minecraft:play_one_minute":116645,"minecraft:leave_game":12,"minecraft:time_since_death":1302,"minecraft:sleep_in_bed":3,"minecraft:time_since_rest":912,"minecraft:sprint_one_cm":61417,"minecraft:damage_taken":8735,"minecraft:walk_one_cm":280818,"minecraft:drop":6,"minecraft:damage_dealt":1795,"minecraft:fly_one_cm":11128,"minecraft:open_chest":7,"minecraft:crouch_one_cm":2024,"minecraft:deaths":32,"minecraft:sneak_time":1398,"minecraft:walk_under_water_one_cm":429,"minecraft:jump":787,"minecraft:walk_on_water_one_cm":1784,"minecraft:fall_one_cm":19130},"minecraft:crafted":{"minecraft:wooden_sword":2,"minecraft:oak_planks":12,"minecraft:crafting_table":1,"minecraft:wooden_pickaxe":2,"byg:skyris_planks":20,"minecraft:stick":12,"minecraft:wooden_axe":1,"minecraft:chest":1},"minecraft:used":{"minecraft:beetroot":1,"minecraft:chest":1,"minecraft:wooden_pickaxe":10,"minecraft:dirt":6,"minecraft:crafting_table":1,"lycanitesmobs:raw_yale_meat":1,"minecraft:melon_slice":5,"lycanitesmobs:raw_bobeko_meat":2,"minecraft:wooden_sword":36,"minecraft:cobblestone":1,"lycanitesmobs:frostyfur":2,"minecraft:beetroot_seeds":1,"byg:green_apple":1,"tombstone:gift":6,"alexsmobs:animal_dictionary":2},"minecraft:killed_by":{"lycanitesmobs:reiver":23,"zombie_extreme:night_hunter":1,"zombienation:zombie_3":1,"zombienation:zombie_4":3,"lycanitesmobs:darkling":1,"iceandfire:stymphalian_bird":1,"zombie_extreme:chainsaw":2},"minecraft:killed":{"lycanitesmobs:shade":1},"minecraft:dropped":{"tombstone:grave_key":5,"minecraft:wooden_sword":1},"minecraft:picked_up":{"minecraft:crafting_table":1,"byg:foxglove":1,"minecraft:leather":2,"byg:stripped_skyris_log":3,"minecraft:oak_log":6,"tombstone:grave_key":2,"minecraft:dirt":8,"minecraft:wooden_sword":1,"forestcraft:sky_fragment":1,"minecraft:beetroot":1,"minecraft:wheat_seeds":5,"lycanitesmobs:raw_bobeko_meat":2,"minecraft:melon_slice":5,"lycanitesmobs:raw_yale_meat":1,"lycanitesmobs:frostyfur":2,"byg:green_apple":2,"byg:skyris_log":3,"bloodandmadness:coldblood_dew":9,"minecraft:beetroot_seeds":3,"the_arcaneum:shadowplasm":2,"minecraft:oak_sapling":8,"minecraft:melon_seeds":1,"minecraft:obsidian":4,"minecraft:cobblestone":10,"minecraft:ender_pearl":1},"minecraft:mined":{"minecraft:farmland":1,"byg:skyris_leaves":2,"minecraft:crafting_table":1,"minecraft:grass_block":2,"minecraft:melon":1,"byg:skyris_log":4,"byg:stripped_skyris_log":3,"byg:green_apple_skyris_leaves":1,"byg:short_grass":2,"lycanitesmobs:frostfire":7,"byg:foxglove":1,"minecraft:grass":56,"minecraft:oak_log":6,"minecraft:beetroots":1,"minecraft:dirt":5,"minecraft:stone":10,"minecraft:oak_leaves":1}},"DataVersion":2586}