{"stats":{"minecraft:broken":{"minecraft:wooden_sword":1},"minecraft:used":{"minecraft:beetroot":1,"minecraft:chest":1,"minecraft:wooden_pickaxe":15,"epicfight:iron_longsword":11,"minecraft:iron_sword":199,"minecraft:dirt":10,"minecraft:crafting_table":1,"minecraft:wooden_axe":5,"minecraft:apple":1,"lycanitesmobs:raw_yale_meat":1,"minecraft:melon_slice":5,"byg:skyris_vine":18,"lycanitesmobs:raw_bobeko_meat":5,"minecraft:wooden_sword":70,"minecraft:cobblestone":1,"lycanitesmobs:frostyfur":3,"minecraft:beetroot_seeds":1,"byg:green_apple":1,"tombstone:gift":6,"alexsmobs:animal_dictionary":2,"minecraft:beetroot_soup":5},"minecraft:killed":{"lycanitesmobs:frostweaver":1,"zombienation:zombie_6":1,"lycanitesmobs:bobeko":1,"lycanitesmobs:geonach":4,"lycanitesmobs:reiver":1,"lycanitesmobs:shade":1},"minecraft:crafted":{"minecraft:wooden_sword":2,"minecraft:oak_planks":12,"minecraft:crafting_table":1,"minecraft:wooden_pickaxe":2,"byg:skyris_planks":20,"minecraft:stick":12,"minecraft:wooden_axe":1,"minecraft:chest":1},"minecraft:picked_up":{"minecraft:crafting_table":1,"byg:foxglove":1,"minecraft:leather":2,"byg:stripped_skyris_log":3,"tombstone:grave_key":2,"minecraft:oak_log":6,"iceandfire:armor_silver_metal_chestplate":1,"minecraft:dirt":24,"lycanitesmobs:frostwebcharge":4,"minecraft:string":2,"minecraft:wooden_sword":1,"lycanitesmobs:lightballcharge":2,"the_arcaneum:conglomerate_ore":2,"forestcraft:sky_fragment":1,"minecraft:beetroot":1,"minecraft:wheat_seeds":5,"lycanitesmobs:raw_bobeko_meat":5,"minecraft:glowstone_dust":2,"minecraft:melon_slice":5,"lycanitesmobs:raw_yale_meat":1,"lycanitesmobs:frostyfur":3,"lycanitesmobs:frostboltcharge":1,"minecraft:bowl":1,"byg:green_apple":2,"minecraft:red_terracotta":3,"byg:skyris_log":3,"bloodandmadness:coldblood_dew":21,"minecraft:beetroot_seeds":3,"the_arcaneum:shadowplasm":2,"minecraft:oak_sapling":8,"minecraft:melon_seeds":1,"minecraft:obsidian":4,"minecraft:snowball":6,"minecraft:cobblestone":10,"minecraft:ender_pearl":1},"minecraft:mined":{"minecraft:farmland":1,"minecraft:infested_stone_bricks":1,"byg:skyris_leaves":2,"minecraft:crafting_table":1,"minecraft:grass_block":2,"minecraft:melon":1,"byg:skyris_log":4,"the_arcaneum:conglomerate_ore":2,"byg:stripped_skyris_log":3,"minecraft:red_terracotta":3,"byg:green_apple_skyris_leaves":1,"byg:short_grass":3,"lycanitesmobs:frostfire":26,"byg:foxglove":1,"minecraft:grass":68,"minecraft:oak_log":6,"byg:skyris_vine":1,"minecraft:beetroots":1,"minecraft:dirt":5,"minecraft:stone":10,"minecraft:oak_leaves":1},"minecraft:killed_by":{"lycanitesmobs:reiver":27,"zombie_extreme:night_hunter":2,"minecraft:piglin_brute":2,"iceandfire:ice_dragon":1,"bloodandmadness:brainsucker":1,"zombienation:zombie_3":1,"zombienation:zombie_4":3,"lycanitesmobs:darkling":1,"zombie_extreme:assasin_black_ops":3,"iceandfire:stymphalian_bird":1,"zombie_extreme:chainsaw":2,"zombienation:zombie_2":1},"minecraft:dropped":{"minecraft:bowl":2,"minecraft:glowstone_dust":2,"tombstone:grave_key":5,"bloodandmadness:coldblood_dew":15,"iceandfire:armor_silver_metal_chestplate":2,"minecraft:wooden_sword":1,"minecraft:string":2},"minecraft:custom":{"minecraft:interact_with_furnace":2,"minecraft:mob_kills":9,"minecraft:interact_with_crafting_table":6,"minecraft:play_one_minute":177355,"minecraft:leave_game":17,"minecraft:time_since_death":5578,"minecraft:sleep_in_bed":4,"minecraft:climb_one_cm":34648,"minecraft:time_since_rest":4109,"minecraft:damage_taken":13718,"minecraft:walk_one_cm":467639,"minecraft:sprint_one_cm":88015,"minecraft:drop":13,"minecraft:damage_dealt":4664,"minecraft:fly_one_cm":16048,"minecraft:open_chest":48,"minecraft:crouch_one_cm":2024,"tombstone:undead_killed":1,"minecraft:deaths":46,"minecraft:sneak_time":1411,"minecraft:walk_under_water_one_cm":429,"minecraft:jump":1072,"minecraft:walk_on_water_one_cm":13706,"minecraft:fall_one_cm":34214}},"DataVersion":2586}