{"stats":{"minecraft:used":{"minecraft:bread":1,"tombstone:gift":1,"alexsmobs:animal_dictionary":1},"minecraft:picked_up":{"byg:skyris_log":1,"minecraft:beetroot":1,"minecraft:beetroot_seeds":3,"iceandfire:frozen_cobblestone":1,"minecraft:bread":32},"minecraft:custom":{"minecraft:time_since_rest":25054,"minecraft:open_chest":25,"minecraft:play_one_minute":47830,"minecraft:crouch_one_cm":349,"minecraft:sprint_one_cm":31997,"minecraft:damage_taken":905,"minecraft:deaths":3,"minecraft:walk_one_cm":51330,"minecraft:sneak_time":530,"minecraft:drop":4,"minecraft:jump":279,"minecraft:damage_dealt":10,"minecraft:leave_game":32,"minecraft:time_since_death":27453,"minecraft:walk_on_water_one_cm":42,"minecraft:climb_one_cm":11867,"minecraft:interact_with_crafting_table":3,"minecraft:fall_one_cm":4656,"minecraft:fly_one_cm":39891},"minecraft:dropped":{"minecraft:beetroot":1,"tombstone:grave_key":2,"minecraft:beetroot_seeds":3},"minecraft:killed_by":{"zombie_extreme:assasin_black_ops":1,"bloodandmadness:beast_patient":1},"minecraft:mined":{"byg:skyris_log":1,"iceandfire:frozen_cobblestone":1}},"DataVersion":2586}