{"stats":{"minecraft:used":{"minecraft:water_bucket":1,"epicfight:skillbook":2,"the_arcaneum:conglomerate_ore":1,"minecraft:oak_planks":3,"minecraft:ender_pearl":1,"minecraft:iron_sword":52,"minecraft:torch":29,"minecraft:dirt":7,"minecraft:crafting_table":1,"epicfight:iron_tachi":10,"the_arcaneum:ruby_tools_sword":16,"minecraft:iron_axe":12,"minecraft:bread":32,"minecraft:iron_pickaxe":77,"minecraft:cobblestone":37,"byg:scoria_cobblestone":2,"minecraft:bucket":1,"tombstone:gift":1,"alexsmobs:animal_dictionary":1},"minecraft:crafted":{"minecraft:coal":36,"minecraft:crafting_table":1,"minecraft:iron_helmet":1,"minecraft:iron_sword":1,"minecraft:iron_chestplate":1,"minecraft:iron_boots":1,"minecraft:iron_axe":1,"minecraft:stick":24,"minecraft:iron_pickaxe":1,"minecraft:iron_leggings":1,"the_arcaneum:ruby_tools_sword":1,"minecraft:torch":72},"minecraft:dropped":{"minecraft:chorus_fruit":1,"minecraft:beetroot":1,"the_arcaneum:ruby_tools_sword":1,"tombstone:grave_key":2,"minecraft:beetroot_seeds":3,"byg:scoria_cobblestone":6},"minecraft:mined":{"tconstruct:copper_ore":3,"zombie_extreme:ore_aluminum":7,"byg:scoria_cobblestone":2,"iceandfire:frozen_cobblestone":1,"minecraft:crafting_table":1,"minecraft:grass_block":5,"byg:skyris_log":1,"the_arcaneum:conglomerate_ore":1,"minecraft:coal_block":4,"minecraft:cobblestone":2,"bloodandmadness:mercury_soaked_stone":2,"minecraft:oak_planks":20,"minecraft:wall_torch":1,"byg:scoria_stone":6,"minecraft:iron_ore":2,"zombie_extreme:ore_tin":2,"minecraft:black_glazed_terracotta":1,"zombie_extreme:ore_lead":1,"zombie_extreme:ore_steel":5,"minecraft:andesite":6,"lycanitesmobs:frostfire":3,"minecraft:grass":2,"minecraft:coal_ore":4,"minecraft:vine":4,"minecraft:dirt":3,"minecraft:cobweb":5,"the_arcaneum:gem_hoard":1,"minecraft:stone":35},"minecraft:custom":{"minecraft:mob_kills":14,"minecraft:interact_with_crafting_table":8,"minecraft:play_one_minute":149607,"minecraft:leave_game":39,"minecraft:time_since_death":10444,"minecraft:sleep_in_bed":2,"minecraft:climb_one_cm":35655,"minecraft:time_since_rest":8690,"minecraft:damage_taken":3637,"minecraft:sprint_one_cm":229000,"minecraft:walk_one_cm":310291,"minecraft:drop":7,"minecraft:damage_dealt":3183,"minecraft:fly_one_cm":144559,"minecraft:open_chest":84,"minecraft:crouch_one_cm":8942,"minecraft:deaths":8,"tombstone:undead_killed":6,"minecraft:sneak_time":2819,"minecraft:jump":1290,"minecraft:walk_on_water_one_cm":328,"minecraft:fall_one_cm":18055},"minecraft:picked_up":{"minecraft:crafting_table":1,"minecraft:water_bucket":1,"minecraft:andesite":6,"zombie_extreme:raw_tin":2,"iceandfire:frozen_cobblestone":1,"epicfight:iron_tachi":1,"minecraft:dirt":8,"minecraft:string":4,"zombie_extreme:raw_steel":5,"zombie_extreme:raw_lead":1,"the_arcaneum:conglomerate_ore":1,"byg:scoria_cobblestone":8,"minecraft:bone":13,"minecraft:beetroot":1,"minecraft:wheat_seeds":1,"bloodandmadness:raw_quicksilver":2,"minecraft:iron_ore":5,"minecraft:coal_block":4,"minecraft:oak_planks":18,"minecraft:soul_sand":2,"minecraft:phantom_membrane":2,"zombie_extreme:raw_aluminum":7,"tconstruct:copper_ore":3,"lycanitesmobs:spectralboltcharge":1,"minecraft:torch":4,"epicfight:skillbook":1,"the_arcaneum:ruby":2,"byg:skyris_log":1,"bloodandmadness:coldblood_dew":53,"minecraft:rotten_flesh":13,"minecraft:diamond":2,"the_arcaneum:ruby_tools_sword":1,"minecraft:beetroot_seeds":3,"minecraft:bread":32,"minecraft:emerald":2,"minecraft:chorus_fruit":1,"minecraft:obsidian":7,"minecraft:coal":4,"minecraft:ender_pearl":2,"minecraft:cobblestone":40},"minecraft:killed":{"lycanitesmobs:tremor":1,"zombie_extreme:crawler":1,"lycanitesmobs:reaper":1,"lycanitesmobs:grue":1,"zombie_extreme:infected_military":1,"zombie_extreme:infected_hazmat":1,"the_arcaneum:eyeclops":1,"alexsmobs:cockroach":1,"minecraft:zombie":4,"born_in_chaos_v1:dread_hound":1,"zombienation:zombie_7":1,"lycanitesmobs:geonach":1},"minecraft:killed_by":{"lycanitesmobs:reiver":1,"lycanitesmobs:banshee":1,"the_arcaneum:eyeclops":1,"zombie_extreme:assasin_black_ops":1,"lycanitesmobs:jabberwock":1,"lycanitesmobs:gnekk":1,"bloodandmadness:beast_patient":1}},"DataVersion":2586}