{"stats":{"minecraft:custom":{"minecraft:mob_kills":125,"minecraft:interact_with_crafting_table":44,"minecraft:leave_game":10,"minecraft:time_since_death":57300,"minecraft:climb_one_cm":106729,"minecraft:walk_one_cm":817830,"minecraft:sprint_one_cm":737751,"minecraft:drop":77,"minecraft:damage_dealt_absorbed":480,"minecraft:deaths":32,"minecraft:sneak_time":46423,"minecraft:walk_under_water_one_cm":29970,"minecraft:interact_with_brewingstand":1,"minecraft:jump":2287,"minecraft:walk_on_water_one_cm":22030,"minecraft:interact_with_furnace":74,"minecraft:play_one_minute":628656,"minecraft:sleep_in_bed":4,"minecraft:time_since_rest":56431,"minecraft:damage_taken":19263,"tombstone:sneak_grave":2,"minecraft:damage_dealt":22915,"minecraft:swim_one_cm":3967,"minecraft:fly_one_cm":189024,"minecraft:crouch_one_cm":80491,"minecraft:open_chest":324,"tombstone:undead_killed":40,"minecraft:fall_one_cm":98442},"minecraft:used":{"gobber2:gobber2_paxel":4,"minecraft:ladder":72,"minecraft:chest":72,"minecraft:stone":73,"minecraft:iron_sword":248,"minecraft:torch":608,"minecraft:dirt":55,"minecraft:carrot":2,"minecraft:iron_hoe":58,"minecraft:iron_axe":79,"gobber2:gobber2_seed":39,"byg:skyris_log":262,"minecraft:beetroot_seeds":22,"byg:green_apple":1,"tombstone:gift":6,"minecraft:water_bucket":11,"minecraft:mossy_stone_bricks":1,"minecraft:rabbit":2,"epicfight:iron_longsword":14,"minecraft:sponge":2,"byg:skyris_door":10,"epicfight:iron_tachi":515,"forestcraft:deep_rock":5,"minecraft:diamond_pickaxe":64,"byg:skyris_planks":407,"minecraft:bread":124,"minecraft:iron_pickaxe":2555,"mtmechs:ta_whole_item":3,"minecraft:gravel":1,"minecraft:cobblestone":149,"travelersbackpack:standard":6,"minecraft:purple_bed":1,"minecraft:bucket":15,"minecraft:air":2,"minecraft:bone_meal":18},"minecraft:crafted":{"minecraft:coal":18,"gobber2:gobber2_leggings":1,"zombie_extreme:ignotsteel":5,"gobber2:gobber2_chestplate":1,"minecraft:bone_meal":18,"lycanitesmobs:stablesummoningstaff":1,"gobber2:gobber2_glob":26,"minecraft:iron_boots":2,"minecraft:ladder":84,"minecraft:iron_hoe":1,"minecraft:chest":60,"zombie_extreme:ignot_titan":1,"zombie_extreme:ignot_aluminum":3,"zombie_extreme:ignot_tin":1,"gobber2:gobber2_ingot":54,"gobber2:gobber2_seed":8,"iceandfire:silver_ingot":13,"minecraft:iron_helmet":2,"lycanitesmobs:boulderblastcharge":24,"minecraft:iron_sword":3,"epicfight:iron_longsword":1,"minecraft:bucket":2,"minecraft:air":0,"epicfight:iron_tachi":3,"byg:skyris_planks":808,"ob_core:platinum_ingot":16,"minecraft:diamond_pickaxe":1,"minecraft:iron_chestplate":2,"minecraft:stick":376,"minecraft:iron_ingot":287,"minecraft:iron_pickaxe":9,"minecraft:gold_ingot":24,"minecraft:iron_leggings":2,"minecraft:torch":532,"lycanitesmobs:summoningstaff":1},"minecraft:killed_by":{"zombie_extreme:night_hunter":1,"minecraft:iron_golem":1,"lycanitesmobs:chupacabra":1,"lycanitesmobs:geonach":1,"lycanitesmobs:reiver":7,"zombie_extreme:infected_military":1,"lycanitesmobs:afrit":1,"zombienation:zombie_3":1,"the_arcaneum:eyeclops":7,"lycanitesmobs:grue":1,"lycanitesmobs:vapula":1,"undead_expansion:haunter":1,"zombienation:zombie_8":1,"lycanitesmobs:wraamon":1},"minecraft:killed":{"lycanitesmobs:banshee":2,"lycanitesmobs:reaper":4,"zombie_extreme:night_hunter":2,"minecraft:spider":1,"divinerpg:the_eye":1,"lycanitesmobs:darkling":1,"lycanitesmobs:gnekk":3,"lycanitesmobs:volcan":1,"zombienation:zombie_6":1,"zombienation:zombie_5":2,"lycanitesmobs:ent":6,"bloodandmadness:beast_patient":1,"zombienation:zombie_1":8,"lycanitesmobs:vapula":4,"forestcraft:worm":3,"zombie_extreme:runner":1,"mtmechs:tunnelarmor":1,"lycanitesmobs:grue":4,"born_in_chaos_v1:baby_skeleton":1,"lycanitesmobs:frostweaver":1,"lycanitesmobs:wraamon":2,"zombienation:chesthead":1,"undead_expansion:haunter":3,"born_in_chaos_v1:decrepit_skeleton":3,"lycanitesmobs:jengu":1,"lycanitesmobs:chupacabra":4,"minecraft:zombie":7,"zombienation:zombie_3":1,"born_in_chaos_v1:dread_hound":1,"zombienation:zombie_7":3,"zombienation:zombie_4":1,"born_in_chaos_v1:diamond_thermite":9,"zombienation:zombie_8":4,"zombie_extreme:infected_police":1,"lycanitesmobs:geonach":21,"lycanitesmobs:afrit":4,"lycanitesmobs:reiver":7,"lycanitesmobs:jabberwock":2},"minecraft:dropped":{"minecraft:water_bucket":1,"minecraft:wheat_seeds":1,"minecraft:chorus_fruit":1,"minecraft:cobblestone":678,"minecraft:leather":2,"minecraft:granite":24,"minecraft:coal":3,"minecraft:flint":7,"born_in_chaos_v1:black_argillite":52,"minecraft:diorite":57,"byg:soapstone":4,"tconstruct:copper_ore":1,"minecraft:snowball":6,"tombstone:grave_dust":1,"epicfight:iron_tachi":1,"byg:scoria_cobblestone":40,"the_arcaneum:eyeclops_eye":2,"minecraft:bone":3,"the_arcaneum:conglomerate_ore":8,"minecraft:beetroot":1,"minecraft:rotten_flesh":5,"byg:skyris_planks":4,"forestcraft:deep_rock":238,"minecraft:pumpkin_seeds":4,"zombie_extreme:raw_steel":1,"minecraft:stone":6,"byg:rocky_stone":34,"the_arcaneum:ruby_tools_sword":1,"bloodandmadness:coldblood_dew":5,"minecraft:andesite":18,"minecraft:leather_boots":1,"minecraft:quartz":1,"zombie_extreme:raw_tin":1},"minecraft:broken":{"minecraft:iron_boots":3,"minecraft:iron_chestplate":2,"minecraft:iron_leggings":2,"minecraft:iron_pickaxe":10,"minecraft:iron_helmet":3,"epicfight:iron_tachi":2},"minecraft:picked_up":{"byg:soapstone":16,"lycanitesmobs:raw_chupacabra_meat":5,"minecraft:wheat":3,"byg:stripped_skyris_log":1,"zombie_extreme:raw_tin":3,"iceandfire:frozen_cobblestone":19,"minecraft:lapis_block":1,"born_in_chaos_v1:black_argillite":111,"undead_expansion:ectoplasm":3,"gobber2:gobber2_seed":31,"lycanitesmobs:equipmentpart_geonachspear":3,"minecraft:string":4,"iceandfire:frozen_stone":25,"the_arcaneum:conglomerate_ore":9,"mtmechs:ta_whole_item":2,"lycanitesmobs:equipmentpart_geonachfist":4,"minecraft:beetroot":20,"minecraft:bucket":2,"minecraft:iron_nugget":2,"minecraft:poppy":3,"minecraft:iron_pickaxe":1,"minecraft:coal_block":57,"minecraft:chest":13,"minecraft:phantom_membrane":8,"zombie_extreme:ruby":7,"zombie_extreme:police_suit_helmet":1,"zombie_extreme:raw_aluminum":3,"minecraft:stick":29,"minecraft:stone":134,"born_in_chaos_v1:shattered_skull":2,"minecraft:torch":183,"iceandfire:silver_ore":13,"epicfight:skillbook":2,"byg:green_apple":177,"tombstone:grave_dust":17,"minecraft:diorite":106,"born_in_chaos_v1:pieceofdarkmetal":1,"minecraft:carrot":5,"minecraft:redstone":337,"lycanitesmobs:aquapulsecharge":2,"born_in_chaos_v1:diamond_thermite_shard":6,"zombie_extreme:raw_titan":1,"the_arcaneum:eyeclops_eye":3,"forestcraft:deep_rock":228,"minecraft:rotten_flesh":21,"minecraft:beetroot_seeds":47,"minecraft:pumpkin_pie":1,"lycanitesmobs:chaosorbcharge":2,"zombie_extreme:rotten_apple":2,"byg:skyris_planks":16,"minecraft:blaze_rod":4,"minecraft:obsidian":7,"byg:rocky_stone":46,"minecraft:snowball":38,"minecraft:cobblestone":2419,"iceandfire:sapphire_gem":2,"minecraft:andesite":57,"minecraft:leather":5,"minecraft:ice":9,"minecraft:flint":21,"minecraft:oak_log":8,"divinerpg:rupee_ingot":1,"gobber2:gobber2_ore":27,"ob_core:platinum_raw":16,"lycanitesmobs:frostwebcharge":1,"minecraft:lapis_lazuli":16,"minecraft:dirt":103,"minecraft:paper":1,"zombie_extreme:raw_steel":5,"minecraft:leather_boots":1,"mtmechs:magicite_item":128,"minecraft:bone":12,"byg:scoria_cobblestone":51,"forestcraft:sky_fragment":1,"minecraft:apple":1,"minecraft:stone_bricks":1,"bloodandmadness:raw_quicksilver":1,"minecraft:wheat_seeds":9,"minecraft:iron_ingot":1,"lycanitesmobs:crystalshardcharge":26,"lycanitesmobs:poisongland":6,"byg:skyris_sapling":34,"minecraft:iron_ore":295,"gobber2:gobber2_globette":10,"farlanders:endumium_crystal":2,"minecraft:mossy_stone_bricks":1,"minecraft:rabbit":2,"minecraft:glass_bottle":1,"minecraft:oak_planks":3,"minecraft:soul_sand":1,"tconstruct:copper_ore":1,"lycanitesmobs:spectralboltcharge":10,"mtmechs:ta_stack_item":1,"lycanitesmobs:frostboltcharge":13,"minecraft:quartz":100,"lycanitesmobs:equipmentpart_grueclaw":2,"minecraft:gravel":94,"lycanitesmobs:equipmentpart_reiverhorns":1,"undead_expansion:spawner_shard":4,"minecraft:gold_ore":24,"minecraft:spider_eye":2,"travelersbackpack:standard":1,"byg:skyris_log":198,"minecraft:pumpkin_seeds":7,"bloodandmadness:coldblood_dew":211,"lycanitesmobs:scorchfireballcharge":7,"minecraft:purple_bed":1,"minecraft:slime_ball":6,"minecraft:diamond":26,"the_arcaneum:ruby_tools_sword":1,"lycanitesmobs:equipmentpart_reaperclaw":1,"minecraft:iron_helmet":1,"minecraft:granite":38,"minecraft:emerald":2,"minecraft:melon_seeds":5,"minecraft:chorus_fruit":3,"minecraft:coal":171,"minecraft:ender_pearl":7},"minecraft:mined":{"farlanders:endumium_ore":2,"minecraft:diamond_ore":19,"minecraft:farmland":2,"iceandfire:silver_ore":14,"iceandfire:frozen_cobblestone":19,"born_in_chaos_v1:infected_diamond_ore":3,"minecraft:granite":9,"iceandfire:frozen_stone":25,"minecraft:grass_block":1,"born_in_chaos_v1:black_argillite":51,"zombie_extreme:ore_titan":1,"byg:skyris_log":263,"the_arcaneum:conglomerate_ore":6,"minecraft:coal_block":52,"byg:stripped_skyris_log":1,"minecraft:spawner":4,"minecraft:redstone_ore":70,"gobber2:gobber2_ore":18,"minecraft:iron_ore":247,"zombie_extreme:ore_steel":4,"minecraft:andesite":12,"minecraft:vine":1,"byg:rocky_stone":9,"minecraft:stone":1707,"gobber2:gobber2_plant":10,"tconstruct:copper_ore":1,"zombie_extreme:ore_aluminum":2,"travelersbackpack:standard":1,"minecraft:torch":8,"minecraft:chest":12,"forestcraft:deep_rock":72,"iceandfire:sapphire_ore":2,"minecraft:cobblestone":25,"bloodandmadness:mercury_soaked_stone":1,"minecraft:wall_torch":19,"minecraft:diorite":46,"minecraft:air":2,"byg:soapstone":9,"minecraft:purple_bed":1,"byg:scoria_stone":17,"zombie_extreme:ore_tin":2,"minecraft:wheat":3,"zombie_extreme:ore_ruby":7,"minecraft:grass":4,"byg:skyris_planks":18,"byg:skyris_vine":1,"minecraft:coal_ore":128,"minecraft:beetroots":20,"minecraft:gravel":73,"minecraft:dirt":51,"ob_core:platinum_ore":5,"lycanitesmobs:scorchfire":20,"minecraft:gold_ore":23,"minecraft:mossy_stone_bricks":1}},"DataVersion":2586}