{"stats":{"minecraft:dropped":{"minecraft:chorus_fruit":1,"minecraft:leather":3,"minecraft:flint":7,"undead_expansion:ectoplasm":2,"minecraft:dirt":38,"minecraft:ice":2,"minecraft:snowball":6,"minecraft:phantom_membrane":2,"epicfight:iron_tachi":1,"byg:scoria_cobblestone":54,"the_arcaneum:eyeclops_eye":2,"minecraft:bone":3,"minecraft:gravel":64,"minecraft:beetroot":1,"minecraft:rotten_flesh":16,"iceandfire:copper_ore":1,"forestcraft:deep_rock":238,"zombie_extreme:raw_steel":2,"byg:rocky_stone":98,"bloodandmadness:coldblood_dew":44,"minecraft:leather_boots":2,"minecraft:iron_ore":39,"minecraft:quartz":3,"minecraft:water_bucket":1,"minecraft:wheat_seeds":10,"minecraft:cobblestone":2272,"minecraft:granite":161,"minecraft:coal":3,"lycanitesmobs:raw_chupacabra_meat":3,"born_in_chaos_v1:black_argillite":52,"minecraft:diorite":139,"goblinsanddungeons:scoria":97,"byg:soapstone":74,"tconstruct:copper_ore":43,"tombstone:grave_dust":2,"the_arcaneum:conglomerate_ore":10,"byg:skyris_planks":4,"minecraft:pumpkin_seeds":4,"minecraft:stone":39,"the_arcaneum:ruby_tools_sword":1,"minecraft:andesite":76,"zombie_extreme:raw_tin":2},"minecraft:crafted":{"gobber2:gobber2_leggings":1,"gobber2:gobber2_chestplate":1,"lycanitesmobs:stablesummoningstaff":1,"minecraft:iron_boots":2,"minecraft:chest":60,"zombie_extreme:ignot_aluminum":4,"zombie_extreme:ignotlead":4,"gobber2:gobber2_ingot":54,"minecraft:iron_helmet":2,"epicfight:iron_longsword":1,"ob_core:platinum_ingot":16,"minecraft:iron_chestplate":2,"minecraft:diamond_pickaxe":1,"minecraft:stick":504,"minecraft:iron_ingot":415,"minecraft:iron_pickaxe":9,"minecraft:gold_ingot":25,"lycanitesmobs:summoningstaff":1,"minecraft:coal":270,"zombie_extreme:ignotsteel":5,"minecraft:bone_meal":30,"gobber2:gobber2_glob":35,"minecraft:ladder":84,"minecraft:iron_hoe":1,"zombie_extreme:ignot_titan":1,"zombie_extreme:ignot_tin":3,"iceandfire:copper_ingot":3,"gobber2:gobber2_seed":8,"iceandfire:silver_ingot":13,"lycanitesmobs:boulderblastcharge":24,"minecraft:iron_sword":3,"minecraft:bucket":2,"minecraft:air":0,"epicfight:iron_tachi":3,"byg:skyris_planks":960,"minecraft:iron_leggings":2,"minecraft:torch":932},"minecraft:used":{"gobber2:gobber2_goo":1,"minecraft:ladder":72,"minecraft:chest":72,"minecraft:stone":73,"minecraft:iron_sword":248,"minecraft:carrot":2,"minecraft:lava_bucket":3,"gobber2:gobber2_hammer":375,"minecraft:beetroot_seeds":22,"byg:green_apple":1,"minecraft:mossy_stone_bricks":1,"epicfight:iron_longsword":14,"tconstruct:copper_ore":4,"minecraft:sponge":2,"epicfight:iron_tachi":515,"minecraft:bread":124,"mtmechs:ta_whole_item":3,"minecraft:gravel":1,"minecraft:andesite":18,"minecraft:air":3,"minecraft:bone_meal":30,"gobber2:gobber2_paxel":348,"minecraft:torch":1057,"minecraft:dirt":190,"minecraft:iron_hoe":192,"minecraft:iron_axe":80,"goblinsanddungeons:scoria":24,"gobber2:gobber2_seed":293,"byg:skyris_log":300,"gobber2:gobber2_sword":353,"tombstone:gift":8,"minecraft:water_bucket":28,"minecraft:rabbit":2,"minecraft:polished_andesite":6,"byg:rocky_stone":3,"byg:skyris_door":10,"forestcraft:deep_rock":5,"minecraft:diamond_pickaxe":64,"byg:skyris_planks":407,"minecraft:iron_pickaxe":2559,"byg:soapstone":6,"minecraft:cobblestone":549,"travelersbackpack:standard":10,"minecraft:purple_bed":1,"minecraft:bucket":32},"minecraft:picked_up":{"lycanitesmobs:raw_chupacabra_meat":11,"minecraft:wheat":3,"iceandfire:copper_ore":4,"minecraft:stone_brick_stairs":1,"minecraft:lapis_block":1,"iceandfire:armor_silver_metal_chestplate":1,"born_in_chaos_v1:black_argillite":111,"lycanitesmobs:equipmentpart_geonachspear":3,"minecraft:string":4,"gobber2:gobber2_seed":311,"the_arcaneum:conglomerate_ore":11,"mtmechs:ta_whole_item":2,"lycanitesmobs:equipmentpart_geonachfist":4,"minecraft:beetroot":20,"minecraft:bucket":2,"lycanitesmobs:raw_bobeko_meat":2,"minecraft:iron_pickaxe":4,"minecraft:coal_block":57,"zombie_extreme:ruby":7,"zombie_extreme:police_suit_helmet":1,"zombie_extreme:raw_aluminum":4,"minecraft:stick":31,"born_in_chaos_v1:shattered_skull":2,"minecraft:torch":234,"iceandfire:silver_ore":13,"epicfight:skillbook":3,"tombstone:grave_dust":22,"minecraft:diorite":188,"the_arcaneum:eyeclops_eye":3,"minecraft:rotten_flesh":32,"zombie_extreme:rotten_apple":4,"byg:skyris_planks":16,"minecraft:blaze_rod":4,"minecraft:obsidian":9,"minecraft:snowball":56,"minecraft:cobblestone":4737,"iceandfire:sapphire_gem":2,"minecraft:andesite":133,"minecraft:flint":28,"gobber2:gobber2_ore":27,"lycanitesmobs:frostwebcharge":1,"ob_core:platinum_raw":16,"minecraft:lapis_lazuli":16,"minecraft:dirt":369,"minecraft:leather_boots":2,"mtmechs:magicite_item":128,"minecraft:bone":16,"forestcraft:sky_fragment":1,"gobber2:gobber2_gooey_beef":1,"minecraft:wheat_seeds":18,"lycanitesmobs:poisongland":6,"gobber2:gobber2_globette":112,"minecraft:mossy_stone_bricks":1,"minecraft:rabbit":2,"minecraft:glowstone_dust":2,"minecraft:oak_planks":3,"lycanitesmobs:spectralboltcharge":11,"lycanitesmobs:frostboltcharge":21,"mtmechs:ta_stack_item":1,"lycanitesmobs:equipmentpart_reiverhorns":1,"undead_expansion:spawner_shard":4,"minecraft:polished_andesite":5,"lycanitesmobs:scorchfireballcharge":10,"minecraft:diamond":26,"the_arcaneum:ruby_tools_sword":1,"minecraft:granite":175,"minecraft:emerald":2,"minecraft:chorus_fruit":3,"gobber2:gobber2_goo":1,"byg:soapstone":92,"zombie_extreme:raw_tin":6,"byg:stripped_skyris_log":1,"iceandfire:frozen_cobblestone":19,"undead_expansion:ectoplasm":5,"iceandfire:frozen_stone":25,"undead_expansion:rotting_arm":1,"minecraft:iron_nugget":2,"minecraft:poppy":3,"minecraft:chest":13,"minecraft:phantom_membrane":10,"iceandfire:ice_dragon_heart":1,"iceandfire:dragonbone":12,"minecraft:stone":167,"lycanitesmobs:frostyfur":1,"minecraft:bowl":2,"byg:green_apple":228,"born_in_chaos_v1:pieceofdarkmetal":1,"minecraft:carrot":5,"minecraft:redstone":337,"iceandfire:dragon_skull_ice":1,"lycanitesmobs:aquapulsecharge":2,"zombie_extreme:raw_titan":1,"minecraft:pumpkin_pie":3,"born_in_chaos_v1:diamond_thermite_shard":6,"forestcraft:deep_rock":228,"minecraft:beetroot_seeds":47,"gobber2:gobber2_gooey_beef_nether":1,"iceandfire:dragonscales_silver":14,"lycanitesmobs:chaosorbcharge":2,"byg:rocky_stone":113,"gobber2:gobber2_gooey_beefstew":1,"minecraft:leather":8,"minecraft:ice":19,"minecraft:oak_log":11,"divinerpg:rupee_ingot":1,"minecraft:paper":1,"zombie_extreme:raw_steel":6,"zombie_extreme:raw_lead":4,"byg:scoria_cobblestone":65,"minecraft:apple":1,"minecraft:stone_bricks":1,"bloodandmadness:raw_quicksilver":1,"lycanitesmobs:crystalshardcharge":26,"minecraft:iron_ingot":1,"byg:skyris_sapling":41,"minecraft:iron_ore":451,"farlanders:endumium_crystal":2,"minecraft:glass_bottle":1,"goblinsanddungeons:scoria":121,"minecraft:soul_sand":1,"tconstruct:copper_ore":47,"lycanitesmobs:equipmentpart_grueclaw":2,"minecraft:quartz":108,"minecraft:gravel":158,"minecraft:gold_ore":25,"minecraft:spider_eye":2,"byg:skyris_log":236,"minecraft:pumpkin_seeds":7,"travelersbackpack:standard":1,"bloodandmadness:coldblood_dew":578,"minecraft:purple_bed":1,"minecraft:slime_ball":6,"lycanitesmobs:equipmentpart_reaperclaw":1,"minecraft:iron_helmet":3,"iceandfire:ice_dragon_flesh":1,"minecraft:melon_seeds":5,"minecraft:coal":294,"gobber2:gobber2_goo_nether":1,"minecraft:ender_pearl":7},"minecraft:broken":{"minecraft:iron_boots":3,"minecraft:iron_chestplate":2,"minecraft:iron_leggings":2,"epicfight:iron_tachi":2,"minecraft:iron_pickaxe":10,"minecraft:iron_helmet":3},"minecraft:custom":{"minecraft:interact_with_crafting_table":47,"minecraft:leave_game":13,"minecraft:time_since_death":64450,"minecraft:sprint_one_cm":1257205,"minecraft:drop":183,"minecraft:talked_to_villager":1,"minecraft:deaths":41,"minecraft:jump":2972,"minecraft:interact_with_brewingstand":1,"minecraft:walk_on_water_one_cm":56143,"minecraft:interact_with_furnace":104,"minecraft:play_one_minute":844971,"minecraft:sleep_in_bed":6,"tombstone:sneak_grave":2,"minecraft:damage_dealt":49992,"minecraft:crouch_one_cm":148891,"tombstone:undead_killed":57,"minecraft:mob_kills":170,"minecraft:climb_one_cm":179401,"minecraft:walk_one_cm":1082979,"minecraft:damage_dealt_absorbed":480,"minecraft:sneak_time":69822,"minecraft:walk_under_water_one_cm":30581,"minecraft:time_since_rest":54917,"minecraft:damage_taken":22527,"minecraft:swim_one_cm":3967,"minecraft:fly_one_cm":241931,"minecraft:open_chest":444,"minecraft:fall_one_cm":130092},"minecraft:mined":{"minecraft:farmland":3,"minecraft:granite":30,"minecraft:grass_block":140,"gobber2:gobber2_lucky_block":4,"byg:skyris_log":302,"the_arcaneum:conglomerate_ore":7,"minecraft:coal_block":52,"minecraft:spawner":5,"gobber2:gobber2_ore":18,"minecraft:iron_ore":314,"zombie_extreme:ore_steel":4,"gobber2:gobber2_plant":125,"minecraft:torch":19,"minecraft:chest":12,"forestcraft:deep_rock":72,"iceandfire:sapphire_ore":2,"minecraft:cobblestone":35,"bloodandmadness:mercury_soaked_stone":1,"minecraft:wall_torch":43,"byg:soapstone":17,"minecraft:wheat":3,"zombie_extreme:ore_ruby":7,"minecraft:stone_brick_stairs":2,"minecraft:grass":9,"byg:skyris_planks":18,"minecraft:beetroots":20,"minecraft:dirt":184,"ob_core:platinum_ore":5,"farlanders:endumium_ore":2,"minecraft:diamond_ore":19,"iceandfire:silver_ore":14,"iceandfire:frozen_cobblestone":19,"born_in_chaos_v1:infected_diamond_ore":3,"iceandfire:frozen_stone":25,"born_in_chaos_v1:black_argillite":51,"zombie_extreme:ore_titan":1,"byg:stripped_skyris_log":1,"minecraft:redstone_ore":70,"zombie_extreme:ore_lead":1,"minecraft:andesite":25,"minecraft:vine":1,"byg:rocky_stone":21,"minecraft:stone":2045,"tconstruct:copper_ore":2,"zombie_extreme:ore_aluminum":2,"travelersbackpack:standard":1,"goblinsanddungeons:scoria":20,"minecraft:diorite":55,"minecraft:air":3,"minecraft:purple_bed":1,"byg:scoria_stone":19,"zombie_extreme:ore_tin":2,"byg:short_grass":1,"minecraft:coal_ore":157,"byg:skyris_vine":1,"minecraft:gravel":145,"lycanitesmobs:scorchfire":20,"minecraft:polished_andesite":9,"minecraft:mossy_stone_bricks":1,"minecraft:gold_ore":23},"minecraft:killed_by":{"zombie_extreme:night_hunter":1,"minecraft:piglin_brute":4,"zombie_extreme:infected_military":1,"iceandfire:ice_dragon":1,"lycanitesmobs:afrit":1,"zombienation:zombie_3":1,"the_arcaneum:eyeclops":7,"zombienation:zombie_4":1,"undead_expansion:haunter":1,"minecraft:iron_golem":1,"lycanitesmobs:chupacabra":1,"lycanitesmobs:geonach":1,"lycanitesmobs:reiver":7,"lycanitesmobs:grue":2,"lycanitesmobs:vapula":1,"zombienation:zombie_8":1,"lycanitesmobs:wraamon":1},"minecraft:killed":{"zombie_extreme:night_hunter":2,"minecraft:spider":1,"divinerpg:the_eye":1,"lycanitesmobs:gnekk":3,"lycanitesmobs:volcan":1,"lycanitesmobs:bobeko":1,"bloodandmadness:beast_patient":1,"lycanitesmobs:vapula":4,"mtmechs:tunnelarmor":1,"lycanitesmobs:frostweaver":1,"lycanitesmobs:wraamon":2,"zombienation:chesthead":1,"undead_expansion:haunter":5,"zombie_extreme:chainsaw":1,"the_arcaneum:butterfly":1,"minecraft:zombie":10,"born_in_chaos_v1:dread_hound":1,"zombienation:zombie_7":3,"zombienation:zombie_8":4,"born_in_chaos_v1:diamond_thermite":9,"zombie_extreme:infected_police":1,"lycanitesmobs:geonach":27,"lycanitesmobs:banshee":2,"lycanitesmobs:reaper":5,"zombienation:zombie_2":2,"lycanitesmobs:darkling":1,"zombienation:zombie_6":4,"zombienation:zombie_5":2,"lycanitesmobs:ent":7,"zombienation:zombie_1":8,"forestcraft:worm":7,"zombie_extreme:runner":2,"zombie_extreme:boomer":1,"zombie_extreme:infected_military":1,"lycanitesmobs:grue":5,"born_in_chaos_v1:baby_skeleton":1,"lycanitesmobs:barghest":1,"born_in_chaos_v1:decrepit_skeleton":3,"lycanitesmobs:chupacabra":8,"zombienation:zombie_3":5,"lycanitesmobs:jengu":1,"zombienation:zombie_4":2,"iceandfire:ice_dragon":1,"lycanitesmobs:reiver":11,"lycanitesmobs:jabberwock":2,"lycanitesmobs:afrit":5}},"DataVersion":2586}