{"stats":{"minecraft:crafted":{"minecraft:coal":18,"minecraft:iron_boots":2,"minecraft:chest":60,"minecraft:iron_helmet":2,"minecraft:iron_sword":2,"minecraft:bucket":2,"minecraft:air":0,"byg:skyris_planks":596,"epicfight:iron_tachi":3,"minecraft:iron_chestplate":2,"minecraft:stick":120,"minecraft:iron_ingot":174,"minecraft:iron_pickaxe":3,"minecraft:iron_leggings":2,"minecraft:torch":532},"minecraft:broken":{"minecraft:iron_boots":2,"minecraft:iron_chestplate":2,"minecraft:iron_leggings":2,"minecraft:iron_pickaxe":6,"minecraft:iron_helmet":3,"epicfight:iron_tachi":1},"minecraft:picked_up":{"minecraft:wheat":3,"byg:soapstone":12,"lycanitesmobs:raw_chupacabra_meat":5,"byg:stripped_skyris_log":1,"zombie_extreme:raw_tin":2,"iceandfire:frozen_cobblestone":13,"undead_expansion:ectoplasm":2,"lycanitesmobs:equipmentpart_geonachspear":2,"minecraft:string":4,"iceandfire:frozen_stone":16,"the_arcaneum:conglomerate_ore":1,"lycanitesmobs:equipmentpart_geonachfist":3,"minecraft:beetroot":20,"minecraft:poppy":3,"minecraft:iron_pickaxe":1,"minecraft:coal_block":57,"minecraft:chest":13,"minecraft:phantom_membrane":6,"zombie_extreme:police_suit_helmet":1,"minecraft:stick":21,"born_in_chaos_v1:shattered_skull":2,"minecraft:stone":97,"minecraft:torch":31,"epicfight:skillbook":2,"byg:green_apple":128,"tombstone:grave_dust":16,"minecraft:diorite":26,"minecraft:carrot":5,"the_arcaneum:eyeclops_eye":3,"minecraft:rotten_flesh":19,"minecraft:beetroot_seeds":47,"minecraft:pumpkin_pie":1,"lycanitesmobs:chaosorbcharge":2,"byg:skyris_planks":1,"minecraft:obsidian":7,"byg:rocky_stone":10,"minecraft:snowball":34,"minecraft:cobblestone":1260,"iceandfire:sapphire_gem":1,"minecraft:andesite":27,"minecraft:leather":5,"minecraft:ice":9,"minecraft:flint":10,"minecraft:lapis_lazuli":10,"lycanitesmobs:frostwebcharge":1,"minecraft:dirt":9,"minecraft:paper":1,"zombie_extreme:raw_steel":1,"minecraft:leather_boots":1,"minecraft:bone":10,"byg:scoria_cobblestone":12,"forestcraft:sky_fragment":1,"minecraft:stone_bricks":1,"bloodandmadness:raw_quicksilver":1,"minecraft:wheat_seeds":8,"lycanitesmobs:crystalshardcharge":12,"lycanitesmobs:poisongland":6,"byg:skyris_sapling":28,"minecraft:iron_ore":211,"minecraft:mossy_stone_bricks":1,"minecraft:glass_bottle":1,"minecraft:rabbit":2,"minecraft:oak_planks":3,"minecraft:soul_sand":1,"lycanitesmobs:spectralboltcharge":7,"tconstruct:copper_ore":1,"lycanitesmobs:frostboltcharge":12,"minecraft:quartz":67,"lycanitesmobs:equipmentpart_grueclaw":2,"minecraft:gravel":50,"lycanitesmobs:equipmentpart_reiverhorns":1,"undead_expansion:spawner_shard":4,"minecraft:gold_ore":21,"minecraft:spider_eye":2,"byg:skyris_log":146,"minecraft:pumpkin_seeds":4,"bloodandmadness:coldblood_dew":160,"minecraft:purple_bed":1,"minecraft:slime_ball":6,"minecraft:diamond":5,"the_arcaneum:ruby_tools_sword":1,"minecraft:iron_helmet":1,"minecraft:granite":2,"minecraft:melon_seeds":1,"minecraft:chorus_fruit":3,"minecraft:coal":121,"minecraft:ender_pearl":7},"minecraft:mined":{"minecraft:diamond_ore":5,"minecraft:farmland":1,"iceandfire:frozen_cobblestone":13,"minecraft:granite":1,"iceandfire:frozen_stone":16,"byg:skyris_log":184,"the_arcaneum:conglomerate_ore":1,"minecraft:coal_block":52,"byg:stripped_skyris_log":1,"minecraft:spawner":4,"minecraft:iron_ore":176,"zombie_extreme:ore_steel":1,"minecraft:vine":1,"byg:rocky_stone":2,"minecraft:stone":1172,"tconstruct:copper_ore":1,"minecraft:torch":5,"minecraft:chest":12,"iceandfire:sapphire_ore":1,"minecraft:cobblestone":10,"bloodandmadness:mercury_soaked_stone":1,"minecraft:diorite":20,"minecraft:wall_torch":11,"minecraft:air":1,"minecraft:purple_bed":1,"byg:soapstone":7,"byg:scoria_stone":1,"zombie_extreme:ore_tin":1,"minecraft:wheat":3,"byg:skyris_planks":1,"byg:skyris_vine":1,"minecraft:grass":3,"minecraft:coal_ore":97,"minecraft:beetroots":20,"minecraft:gravel":58,"minecraft:dirt":9,"minecraft:mossy_stone_bricks":1,"minecraft:gold_ore":20},"minecraft:killed_by":{"zombie_extreme:night_hunter":1,"minecraft:iron_golem":1,"lycanitesmobs:chupacabra":1,"lycanitesmobs:geonach":1,"lycanitesmobs:reiver":4,"zombie_extreme:infected_military":1,"zombienation:zombie_3":1,"the_arcaneum:eyeclops":7,"lycanitesmobs:grue":1,"undead_expansion:haunter":1,"zombienation:zombie_8":1,"lycanitesmobs:wraamon":1},"minecraft:custom":{"minecraft:mob_kills":90,"minecraft:interact_with_crafting_table":20,"minecraft:leave_game":9,"minecraft:time_since_death":12225,"minecraft:climb_one_cm":73787,"minecraft:sprint_one_cm":653450,"minecraft:walk_one_cm":494272,"minecraft:drop":22,"minecraft:damage_dealt_absorbed":480,"minecraft:deaths":25,"minecraft:sneak_time":16300,"minecraft:interact_with_brewingstand":1,"minecraft:jump":1675,"minecraft:walk_on_water_one_cm":3579,"minecraft:interact_with_furnace":28,"minecraft:play_one_minute":332551,"minecraft:sleep_in_bed":3,"minecraft:time_since_rest":11755,"minecraft:damage_taken":14875,"tombstone:sneak_grave":2,"minecraft:damage_dealt":16762,"minecraft:swim_one_cm":467,"minecraft:fly_one_cm":181531,"minecraft:open_chest":158,"minecraft:crouch_one_cm":32690,"tombstone:undead_killed":38,"minecraft:fall_one_cm":74408},"minecraft:dropped":{"minecraft:water_bucket":1,"minecraft:wheat_seeds":1,"minecraft:chorus_fruit":1,"minecraft:cobblestone":28,"minecraft:leather":2,"minecraft:diorite":2,"tconstruct:copper_ore":1,"minecraft:snowball":6,"tombstone:grave_dust":1,"epicfight:iron_tachi":1,"byg:scoria_cobblestone":1,"the_arcaneum:eyeclops_eye":2,"minecraft:bone":3,"minecraft:beetroot":1,"minecraft:rotten_flesh":3,"minecraft:pumpkin_seeds":4,"zombie_extreme:raw_steel":1,"the_arcaneum:ruby_tools_sword":1,"minecraft:leather_boots":1,"zombie_extreme:raw_tin":1},"minecraft:killed":{"lycanitesmobs:banshee":2,"lycanitesmobs:reaper":3,"zombie_extreme:night_hunter":2,"minecraft:spider":1,"lycanitesmobs:darkling":1,"lycanitesmobs:gnekk":3,"zombienation:zombie_6":1,"zombienation:zombie_5":2,"lycanitesmobs:ent":3,"bloodandmadness:beast_patient":1,"zombienation:zombie_1":8,"lycanitesmobs:vapula":1,"zombie_extreme:runner":1,"lycanitesmobs:grue":4,"born_in_chaos_v1:baby_skeleton":1,"lycanitesmobs:frostweaver":1,"lycanitesmobs:wraamon":2,"zombienation:chesthead":1,"undead_expansion:haunter":2,"born_in_chaos_v1:decrepit_skeleton":3,"lycanitesmobs:chupacabra":4,"minecraft:zombie":7,"zombienation:zombie_3":1,"born_in_chaos_v1:dread_hound":1,"zombienation:zombie_7":3,"zombienation:zombie_4":1,"zombienation:zombie_8":4,"zombie_extreme:infected_police":1,"lycanitesmobs:geonach":16,"lycanitesmobs:reiver":6,"lycanitesmobs:jabberwock":1},"minecraft:used":{"minecraft:chest":72,"minecraft:stone":73,"minecraft:iron_sword":248,"minecraft:torch":421,"minecraft:carrot":2,"minecraft:iron_axe":62,"byg:skyris_log":183,"minecraft:beetroot_seeds":22,"byg:green_apple":1,"tombstone:gift":5,"minecraft:water_bucket":3,"minecraft:mossy_stone_bricks":1,"minecraft:rabbit":2,"epicfight:iron_tachi":380,"byg:skyris_planks":46,"minecraft:bread":89,"minecraft:iron_pickaxe":1620,"minecraft:gravel":1,"minecraft:cobblestone":32,"minecraft:purple_bed":1,"minecraft:bucket":5,"minecraft:air":1}},"DataVersion":2586}