{"stats":{"minecraft:used":{"minecraft:torch":2,"byg:skyris_log":18,"minecraft:purple_bed":1,"minecraft:iron_axe":2,"minecraft:iron_pickaxe":154,"byg:green_apple":1},"minecraft:picked_up":{"byg:skyris_log":10,"minecraft:purple_bed":1,"minecraft:torch":3,"byg:skyris_sapling":2,"byg:green_apple":7,"minecraft:cobblestone":155},"minecraft:custom":{"minecraft:time_since_rest":26818,"minecraft:open_chest":3,"minecraft:crouch_one_cm":254,"minecraft:play_one_minute":26818,"minecraft:sprint_one_cm":27501,"minecraft:damage_taken":10,"minecraft:walk_one_cm":16490,"minecraft:sneak_time":191,"minecraft:drop":1,"minecraft:jump":42,"minecraft:leave_game":4,"minecraft:time_since_death":26818,"minecraft:fall_one_cm":335,"minecraft:fly_one_cm":3540},"minecraft:dropped":{"minecraft:cobblestone":1},"minecraft:mined":{"minecraft:purple_bed":1,"byg:skyris_log":18,"minecraft:stone":154}},"DataVersion":2586}