{"stats":{"minecraft:broken":{"minecraft:iron_boots":3,"minecraft:iron_chestplate":2,"minecraft:iron_leggings":2,"epicfight:iron_tachi":2,"minecraft:iron_pickaxe":10,"minecraft:iron_helmet":3},"minecraft:used":{"minecraft:ladder":72,"minecraft:chest":72,"minecraft:stone":73,"minecraft:iron_sword":248,"minecraft:carrot":2,"gobber2:gobber2_hammer":45,"minecraft:beetroot_seeds":22,"byg:green_apple":1,"minecraft:mossy_stone_bricks":1,"epicfight:iron_longsword":14,"minecraft:sponge":2,"epicfight:iron_tachi":515,"minecraft:bread":124,"mtmechs:ta_whole_item":3,"minecraft:gravel":1,"minecraft:air":2,"minecraft:bone_meal":18,"gobber2:gobber2_paxel":77,"minecraft:torch":651,"minecraft:dirt":190,"minecraft:iron_hoe":131,"minecraft:iron_axe":79,"gobber2:gobber2_seed":151,"byg:skyris_log":262,"gobber2:gobber2_sword":251,"tombstone:gift":6,"minecraft:water_bucket":23,"minecraft:rabbit":2,"minecraft:polished_andesite":6,"byg:skyris_door":10,"forestcraft:deep_rock":5,"minecraft:diamond_pickaxe":64,"byg:skyris_planks":407,"minecraft:iron_pickaxe":2559,"minecraft:cobblestone":149,"travelersbackpack:standard":6,"minecraft:purple_bed":1,"minecraft:bucket":27},"minecraft:crafted":{"gobber2:gobber2_leggings":1,"gobber2:gobber2_chestplate":1,"lycanitesmobs:stablesummoningstaff":1,"minecraft:iron_boots":2,"minecraft:chest":60,"zombie_extreme:ignot_aluminum":3,"gobber2:gobber2_ingot":54,"minecraft:iron_helmet":2,"epicfight:iron_longsword":1,"ob_core:platinum_ingot":16,"minecraft:iron_chestplate":2,"minecraft:diamond_pickaxe":1,"minecraft:stick":376,"minecraft:iron_ingot":287,"minecraft:iron_pickaxe":9,"minecraft:gold_ingot":24,"lycanitesmobs:summoningstaff":1,"minecraft:coal":18,"zombie_extreme:ignotsteel":5,"minecraft:bone_meal":18,"gobber2:gobber2_glob":27,"minecraft:ladder":84,"minecraft:iron_hoe":1,"zombie_extreme:ignot_titan":1,"zombie_extreme:ignot_tin":1,"gobber2:gobber2_seed":8,"iceandfire:silver_ingot":13,"lycanitesmobs:boulderblastcharge":24,"minecraft:iron_sword":3,"minecraft:bucket":2,"minecraft:air":0,"epicfight:iron_tachi":3,"byg:skyris_planks":808,"minecraft:iron_leggings":2,"minecraft:torch":628},"minecraft:killed":{"zombie_extreme:night_hunter":2,"minecraft:spider":1,"divinerpg:the_eye":1,"lycanitesmobs:gnekk":3,"lycanitesmobs:volcan":1,"lycanitesmobs:bobeko":1,"bloodandmadness:beast_patient":1,"lycanitesmobs:vapula":4,"mtmechs:tunnelarmor":1,"lycanitesmobs:frostweaver":1,"lycanitesmobs:wraamon":2,"zombienation:chesthead":1,"undead_expansion:haunter":3,"minecraft:zombie":7,"born_in_chaos_v1:dread_hound":1,"zombienation:zombie_7":3,"zombienation:zombie_8":4,"born_in_chaos_v1:diamond_thermite":9,"zombie_extreme:infected_police":1,"lycanitesmobs:geonach":21,"lycanitesmobs:banshee":2,"lycanitesmobs:reaper":4,"lycanitesmobs:darkling":1,"zombienation:zombie_6":1,"zombienation:zombie_5":2,"lycanitesmobs:ent":6,"zombienation:zombie_1":8,"forestcraft:worm":5,"zombie_extreme:runner":1,"lycanitesmobs:grue":4,"born_in_chaos_v1:baby_skeleton":1,"born_in_chaos_v1:decrepit_skeleton":3,"lycanitesmobs:chupacabra":4,"zombienation:zombie_3":2,"lycanitesmobs:jengu":1,"zombienation:zombie_4":1,"iceandfire:ice_dragon":1,"lycanitesmobs:reiver":10,"lycanitesmobs:jabberwock":2,"lycanitesmobs:afrit":4},"minecraft:picked_up":{"lycanitesmobs:raw_chupacabra_meat":5,"minecraft:wheat":3,"minecraft:stone_brick_stairs":1,"minecraft:lapis_block":1,"born_in_chaos_v1:black_argillite":111,"iceandfire:armor_silver_metal_chestplate":1,"lycanitesmobs:equipmentpart_geonachspear":3,"minecraft:string":4,"gobber2:gobber2_seed":150,"the_arcaneum:conglomerate_ore":9,"mtmechs:ta_whole_item":2,"lycanitesmobs:equipmentpart_geonachfist":4,"minecraft:beetroot":20,"minecraft:bucket":2,"lycanitesmobs:raw_bobeko_meat":2,"minecraft:iron_pickaxe":2,"minecraft:coal_block":57,"zombie_extreme:ruby":7,"zombie_extreme:police_suit_helmet":1,"zombie_extreme:raw_aluminum":3,"minecraft:stick":29,"born_in_chaos_v1:shattered_skull":2,"minecraft:torch":203,"iceandfire:silver_ore":13,"epicfight:skillbook":2,"tombstone:grave_dust":17,"minecraft:diorite":106,"the_arcaneum:eyeclops_eye":3,"minecraft:rotten_flesh":21,"zombie_extreme:rotten_apple":2,"byg:skyris_planks":16,"minecraft:blaze_rod":4,"minecraft:obsidian":7,"minecraft:snowball":50,"minecraft:cobblestone":2793,"iceandfire:sapphire_gem":2,"minecraft:andesite":57,"minecraft:flint":21,"gobber2:gobber2_ore":27,"ob_core:platinum_raw":16,"lycanitesmobs:frostwebcharge":1,"minecraft:lapis_lazuli":16,"minecraft:dirt":332,"minecraft:leather_boots":1,"mtmechs:magicite_item":128,"minecraft:bone":12,"forestcraft:sky_fragment":1,"minecraft:wheat_seeds":18,"lycanitesmobs:poisongland":6,"gobber2:gobber2_globette":51,"minecraft:mossy_stone_bricks":1,"minecraft:rabbit":2,"minecraft:glowstone_dust":2,"minecraft:oak_planks":3,"lycanitesmobs:spectralboltcharge":10,"lycanitesmobs:frostboltcharge":20,"mtmechs:ta_stack_item":1,"lycanitesmobs:equipmentpart_reiverhorns":1,"undead_expansion:spawner_shard":4,"minecraft:polished_andesite":5,"lycanitesmobs:scorchfireballcharge":7,"minecraft:diamond":26,"the_arcaneum:ruby_tools_sword":1,"minecraft:granite":38,"minecraft:emerald":2,"minecraft:chorus_fruit":3,"byg:soapstone":16,"zombie_extreme:raw_tin":3,"byg:stripped_skyris_log":1,"iceandfire:frozen_cobblestone":19,"undead_expansion:ectoplasm":3,"iceandfire:frozen_stone":25,"minecraft:iron_nugget":2,"minecraft:poppy":3,"minecraft:chest":13,"minecraft:phantom_membrane":8,"iceandfire:ice_dragon_heart":1,"iceandfire:dragonbone":12,"minecraft:stone":134,"lycanitesmobs:frostyfur":1,"minecraft:bowl":2,"byg:green_apple":177,"born_in_chaos_v1:pieceofdarkmetal":1,"minecraft:carrot":5,"minecraft:redstone":337,"iceandfire:dragon_skull_ice":1,"lycanitesmobs:aquapulsecharge":2,"zombie_extreme:raw_titan":1,"minecraft:pumpkin_pie":1,"born_in_chaos_v1:diamond_thermite_shard":6,"forestcraft:deep_rock":228,"minecraft:beetroot_seeds":47,"iceandfire:dragonscales_silver":14,"lycanitesmobs:chaosorbcharge":2,"byg:rocky_stone":46,"minecraft:leather":5,"minecraft:ice":13,"minecraft:oak_log":8,"divinerpg:rupee_ingot":1,"minecraft:paper":1,"zombie_extreme:raw_steel":5,"byg:scoria_cobblestone":51,"minecraft:apple":1,"minecraft:stone_bricks":1,"bloodandmadness:raw_quicksilver":1,"lycanitesmobs:crystalshardcharge":26,"minecraft:iron_ingot":1,"byg:skyris_sapling":34,"minecraft:iron_ore":295,"farlanders:endumium_crystal":2,"minecraft:glass_bottle":1,"minecraft:soul_sand":1,"tconstruct:copper_ore":1,"lycanitesmobs:equipmentpart_grueclaw":2,"minecraft:quartz":100,"minecraft:gravel":94,"minecraft:gold_ore":24,"minecraft:spider_eye":2,"byg:skyris_log":198,"minecraft:pumpkin_seeds":7,"travelersbackpack:standard":1,"bloodandmadness:coldblood_dew":515,"minecraft:purple_bed":1,"minecraft:slime_ball":6,"lycanitesmobs:equipmentpart_reaperclaw":1,"minecraft:iron_helmet":2,"iceandfire:ice_dragon_flesh":1,"minecraft:melon_seeds":5,"minecraft:coal":171,"minecraft:ender_pearl":7},"minecraft:mined":{"minecraft:farmland":3,"minecraft:granite":9,"minecraft:grass_block":140,"byg:skyris_log":263,"the_arcaneum:conglomerate_ore":6,"minecraft:coal_block":52,"minecraft:spawner":5,"gobber2:gobber2_ore":18,"minecraft:iron_ore":247,"zombie_extreme:ore_steel":4,"gobber2:gobber2_plant":61,"minecraft:torch":10,"minecraft:chest":12,"forestcraft:deep_rock":72,"iceandfire:sapphire_ore":2,"minecraft:cobblestone":25,"bloodandmadness:mercury_soaked_stone":1,"minecraft:wall_torch":33,"byg:soapstone":9,"minecraft:wheat":3,"zombie_extreme:ore_ruby":7,"minecraft:stone_brick_stairs":2,"minecraft:grass":8,"byg:skyris_planks":18,"minecraft:beetroots":20,"minecraft:dirt":147,"ob_core:platinum_ore":5,"farlanders:endumium_ore":2,"minecraft:diamond_ore":19,"iceandfire:silver_ore":14,"iceandfire:frozen_cobblestone":19,"born_in_chaos_v1:infected_diamond_ore":3,"iceandfire:frozen_stone":25,"born_in_chaos_v1:black_argillite":51,"zombie_extreme:ore_titan":1,"byg:stripped_skyris_log":1,"minecraft:redstone_ore":70,"minecraft:andesite":12,"minecraft:vine":1,"byg:rocky_stone":9,"minecraft:stone":1761,"tconstruct:copper_ore":1,"zombie_extreme:ore_aluminum":2,"travelersbackpack:standard":1,"minecraft:diorite":46,"minecraft:air":2,"minecraft:purple_bed":1,"byg:scoria_stone":17,"zombie_extreme:ore_tin":2,"byg:short_grass":1,"minecraft:coal_ore":128,"byg:skyris_vine":1,"minecraft:gravel":74,"lycanitesmobs:scorchfire":20,"minecraft:polished_andesite":9,"minecraft:mossy_stone_bricks":1,"minecraft:gold_ore":23},"minecraft:killed_by":{"zombie_extreme:night_hunter":1,"minecraft:piglin_brute":4,"zombie_extreme:infected_military":1,"iceandfire:ice_dragon":1,"lycanitesmobs:afrit":1,"zombienation:zombie_3":1,"the_arcaneum:eyeclops":7,"undead_expansion:haunter":1,"minecraft:iron_golem":1,"lycanitesmobs:chupacabra":1,"lycanitesmobs:geonach":1,"lycanitesmobs:reiver":7,"lycanitesmobs:grue":2,"lycanitesmobs:vapula":1,"zombienation:zombie_8":1,"lycanitesmobs:wraamon":1},"minecraft:dropped":{"minecraft:chorus_fruit":1,"minecraft:leather":2,"minecraft:flint":7,"minecraft:dirt":1,"minecraft:ice":2,"minecraft:snowball":6,"epicfight:iron_tachi":1,"byg:scoria_cobblestone":40,"the_arcaneum:eyeclops_eye":2,"minecraft:bone":3,"minecraft:beetroot":1,"minecraft:rotten_flesh":5,"forestcraft:deep_rock":238,"zombie_extreme:raw_steel":1,"byg:rocky_stone":34,"bloodandmadness:coldblood_dew":5,"minecraft:leather_boots":1,"minecraft:quartz":1,"minecraft:water_bucket":1,"minecraft:wheat_seeds":10,"minecraft:cobblestone":678,"minecraft:granite":24,"minecraft:coal":3,"born_in_chaos_v1:black_argillite":52,"minecraft:diorite":57,"byg:soapstone":4,"tconstruct:copper_ore":1,"tombstone:grave_dust":1,"the_arcaneum:conglomerate_ore":8,"byg:skyris_planks":4,"minecraft:pumpkin_seeds":4,"minecraft:stone":6,"the_arcaneum:ruby_tools_sword":1,"minecraft:andesite":18,"zombie_extreme:raw_tin":1},"minecraft:custom":{"minecraft:interact_with_crafting_table":46,"minecraft:leave_game":12,"minecraft:time_since_death":32671,"minecraft:sprint_one_cm":861150,"minecraft:drop":80,"minecraft:talked_to_villager":1,"minecraft:deaths":38,"minecraft:jump":2460,"minecraft:interact_with_brewingstand":1,"minecraft:walk_on_water_one_cm":51931,"minecraft:interact_with_furnace":74,"minecraft:play_one_minute":714902,"minecraft:sleep_in_bed":5,"tombstone:sneak_grave":2,"minecraft:damage_dealt":43443,"minecraft:crouch_one_cm":118552,"tombstone:undead_killed":41,"minecraft:mob_kills":133,"minecraft:climb_one_cm":165268,"minecraft:walk_one_cm":953013,"minecraft:damage_dealt_absorbed":480,"minecraft:sneak_time":58826,"minecraft:walk_under_water_one_cm":29970,"minecraft:time_since_rest":8121,"minecraft:damage_taken":20929,"minecraft:swim_one_cm":3967,"minecraft:fly_one_cm":197140,"minecraft:open_chest":371,"minecraft:fall_one_cm":110655}},"DataVersion":2586}