{"stats":{"minecraft:used":{"minecraft:stone":11,"minecraft:iron_sword":248,"minecraft:torch":395,"minecraft:carrot":1,"minecraft:iron_axe":54,"byg:skyris_log":183,"byg:green_apple":1,"tombstone:gift":5,"minecraft:mossy_stone_bricks":1,"minecraft:water_bucket":3,"minecraft:rabbit":2,"epicfight:iron_tachi":341,"byg:skyris_planks":40,"minecraft:bread":80,"minecraft:iron_pickaxe":1196,"minecraft:gravel":1,"minecraft:cobblestone":27,"minecraft:purple_bed":1,"minecraft:bucket":5,"minecraft:air":1},"minecraft:crafted":{"minecraft:coal":18,"minecraft:iron_boots":2,"minecraft:iron_helmet":2,"minecraft:iron_sword":2,"minecraft:bucket":2,"minecraft:air":0,"epicfight:iron_tachi":3,"byg:skyris_planks":144,"minecraft:iron_chestplate":2,"minecraft:stick":120,"minecraft:iron_ingot":174,"minecraft:iron_pickaxe":3,"minecraft:iron_leggings":2,"minecraft:torch":420},"minecraft:mined":{"minecraft:diamond_ore":5,"minecraft:granite":1,"iceandfire:frozen_stone":2,"byg:skyris_log":184,"the_arcaneum:conglomerate_ore":1,"minecraft:coal_block":52,"byg:stripped_skyris_log":1,"minecraft:spawner":4,"minecraft:iron_ore":176,"minecraft:vine":1,"byg:rocky_stone":2,"minecraft:stone":808,"tconstruct:copper_ore":1,"minecraft:torch":4,"minecraft:cobblestone":2,"bloodandmadness:mercury_soaked_stone":1,"minecraft:diorite":6,"minecraft:wall_torch":8,"minecraft:air":1,"minecraft:purple_bed":1,"byg:soapstone":7,"zombie_extreme:ore_tin":1,"minecraft:grass":3,"minecraft:coal_ore":93,"minecraft:gravel":57,"minecraft:dirt":8,"minecraft:mossy_stone_bricks":1,"minecraft:gold_ore":20},"minecraft:dropped":{"minecraft:water_bucket":1,"minecraft:wheat_seeds":1,"minecraft:chorus_fruit":1,"minecraft:cobblestone":28,"minecraft:leather":2,"minecraft:diorite":2,"tconstruct:copper_ore":1,"minecraft:snowball":6,"epicfight:iron_tachi":1,"the_arcaneum:eyeclops_eye":2,"minecraft:bone":3,"minecraft:rotten_flesh":3,"minecraft:pumpkin_seeds":4,"the_arcaneum:ruby_tools_sword":1,"minecraft:leather_boots":1},"minecraft:broken":{"minecraft:iron_boots":2,"minecraft:iron_chestplate":2,"minecraft:iron_leggings":2,"minecraft:iron_pickaxe":4,"minecraft:iron_helmet":3,"epicfight:iron_tachi":1},"minecraft:custom":{"minecraft:mob_kills":85,"minecraft:interact_with_crafting_table":14,"minecraft:leave_game":8,"minecraft:time_since_death":6879,"minecraft:climb_one_cm":58284,"minecraft:sprint_one_cm":653450,"minecraft:walk_one_cm":330250,"minecraft:drop":17,"minecraft:damage_dealt_absorbed":420,"minecraft:deaths":24,"minecraft:sneak_time":10211,"minecraft:jump":1602,"minecraft:interact_with_brewingstand":1,"minecraft:walk_on_water_one_cm":3579,"minecraft:interact_with_furnace":25,"minecraft:play_one_minute":272549,"minecraft:sleep_in_bed":2,"minecraft:time_since_rest":5273,"minecraft:damage_taken":13871,"tombstone:sneak_grave":2,"minecraft:damage_dealt":15513,"minecraft:fly_one_cm":181505,"minecraft:swim_one_cm":467,"minecraft:open_chest":131,"minecraft:crouch_one_cm":20766,"tombstone:undead_killed":36,"minecraft:fall_one_cm":73493},"minecraft:killed":{"lycanitesmobs:banshee":2,"lycanitesmobs:reaper":2,"zombie_extreme:night_hunter":1,"minecraft:spider":1,"lycanitesmobs:darkling":1,"lycanitesmobs:gnekk":3,"zombienation:zombie_6":1,"zombienation:zombie_5":2,"lycanitesmobs:ent":3,"bloodandmadness:beast_patient":1,"zombienation:zombie_1":8,"lycanitesmobs:grue":4,"born_in_chaos_v1:baby_skeleton":1,"lycanitesmobs:frostweaver":1,"lycanitesmobs:wraamon":2,"zombienation:chesthead":1,"undead_expansion:haunter":1,"born_in_chaos_v1:decrepit_skeleton":3,"lycanitesmobs:chupacabra":4,"minecraft:zombie":7,"zombienation:zombie_3":1,"born_in_chaos_v1:dread_hound":1,"zombienation:zombie_7":3,"zombienation:zombie_4":1,"zombienation:zombie_8":4,"zombie_extreme:infected_police":1,"lycanitesmobs:geonach":16,"lycanitesmobs:reiver":6,"lycanitesmobs:jabberwock":1},"minecraft:picked_up":{"byg:soapstone":12,"lycanitesmobs:raw_chupacabra_meat":5,"byg:stripped_skyris_log":1,"zombie_extreme:raw_tin":1,"undead_expansion:ectoplasm":1,"minecraft:string":4,"lycanitesmobs:equipmentpart_geonachspear":2,"iceandfire:frozen_stone":2,"the_arcaneum:conglomerate_ore":1,"lycanitesmobs:equipmentpart_geonachfist":3,"minecraft:poppy":3,"minecraft:iron_pickaxe":1,"minecraft:coal_block":57,"minecraft:chest":1,"minecraft:phantom_membrane":4,"zombie_extreme:police_suit_helmet":1,"minecraft:stick":21,"minecraft:stone":89,"born_in_chaos_v1:shattered_skull":2,"minecraft:torch":26,"epicfight:skillbook":2,"byg:green_apple":128,"tombstone:grave_dust":15,"minecraft:diorite":12,"minecraft:carrot":5,"the_arcaneum:eyeclops_eye":3,"minecraft:rotten_flesh":19,"minecraft:pumpkin_pie":1,"lycanitesmobs:chaosorbcharge":2,"minecraft:obsidian":7,"minecraft:snowball":34,"byg:rocky_stone":10,"minecraft:cobblestone":872,"minecraft:andesite":27,"minecraft:leather":5,"minecraft:ice":9,"minecraft:flint":10,"minecraft:dirt":8,"lycanitesmobs:frostwebcharge":1,"minecraft:paper":1,"minecraft:leather_boots":1,"byg:scoria_cobblestone":11,"minecraft:bone":8,"forestcraft:sky_fragment":1,"minecraft:stone_bricks":1,"bloodandmadness:raw_quicksilver":1,"minecraft:wheat_seeds":1,"byg:skyris_sapling":28,"lycanitesmobs:poisongland":6,"minecraft:iron_ore":211,"minecraft:mossy_stone_bricks":1,"minecraft:rabbit":2,"minecraft:glass_bottle":1,"minecraft:soul_sand":1,"minecraft:oak_planks":3,"lycanitesmobs:spectralboltcharge":5,"tconstruct:copper_ore":1,"lycanitesmobs:frostboltcharge":12,"lycanitesmobs:equipmentpart_grueclaw":2,"minecraft:quartz":49,"lycanitesmobs:equipmentpart_reiverhorns":1,"minecraft:gravel":49,"undead_expansion:spawner_shard":4,"minecraft:gold_ore":21,"minecraft:spider_eye":2,"byg:skyris_log":146,"minecraft:pumpkin_seeds":4,"bloodandmadness:coldblood_dew":155,"minecraft:purple_bed":1,"minecraft:slime_ball":6,"minecraft:diamond":5,"the_arcaneum:ruby_tools_sword":1,"minecraft:iron_helmet":1,"minecraft:granite":2,"minecraft:chorus_fruit":3,"minecraft:melon_seeds":1,"minecraft:coal":117,"minecraft:ender_pearl":7},"minecraft:killed_by":{"zombie_extreme:night_hunter":1,"lycanitesmobs:chupacabra":1,"lycanitesmobs:geonach":1,"lycanitesmobs:reiver":4,"zombie_extreme:infected_military":1,"zombienation:zombie_3":1,"the_arcaneum:eyeclops":7,"lycanitesmobs:grue":1,"undead_expansion:haunter":1,"zombienation:zombie_8":1,"lycanitesmobs:wraamon":1}},"DataVersion":2586}